{
  "hash": "a0e4a30b",
  "configHash": "40af108a",
  "lockfileHash": "e9b22e9d",
  "browserHash": "707e458c",
  "optimized": {
    "@angular/core": {
      "src": "../../../../../node_modules/@angular/core/fesm2022/core.mjs",
      "file": "@angular_core.js",
      "fileHash": "53519139",
      "needsInterop": false
    },
    "@angular/platform-browser": {
      "src": "../../../../../node_modules/@angular/platform-browser/fesm2022/platform-browser.mjs",
      "file": "@angular_platform-browser.js",
      "fileHash": "ee02c22b",
      "needsInterop": false
    },
    "@angular/router": {
      "src": "../../../../../node_modules/@angular/router/fesm2022/router.mjs",
      "file": "@angular_router.js",
      "fileHash": "bb899c64",
      "needsInterop": false
    }
  },
  "chunks": {
    "chunk-L6IRO5SR": {
      "file": "chunk-L6IRO5SR.js"
    },
    "chunk-JNM7CA4Q": {
      "file": "chunk-JNM7CA4Q.js"
    }
  }
}